<?xml version="1.0" encoding="utf-8" standalone="no"?>
<application xmlns="http://ns.adobe.com/air/application/3.1">
  <id>LayaAirTool</id>
  <versionNumber>1.0</versionNumber>
  <filename>LayaAirTool</filename>
  <name>LayaAirTool</name>
  <initialWindow>
    <title>LayaAir</title>
    <content>LayaAirTool.swf</content>
    <systemChrome>none</systemChrome>
    <transparent>true</transparent>
    <minimizable>false</minimizable>
    <maximizable>false</maximizable>
    <resizable>false</resizable>
    <visible>true</visible>
  </initialWindow>
  <!-- 
	More options:
	http://livedocs.adobe.com/flex/3/html/File_formats_1.html#1043413
	-->
  <supportedProfiles>extendedDesktop desktop</supportedProfiles>
  <icon>
    <image128x128>icons/Laya128.png</image128x128>
  </icon>
  <android>
    <manifestAdditions><![CDATA[<manifest android:installLocation="auto" xmlns:android="http://schemas.android.com/apk/res/android" />]]></manifestAdditions>
  </android>
  <copyright>LayaBox</copyright>
</application>
