{"frameRate":24,"isGlobal":0,"name":"Dragon","version":"4.0","armature":[{"slot":[{"name":"tailTip","parent":"tailTip"},{"z":1,"name":"armUpperL","parent":"armUpperL"},{"z":2,"name":"armL","parent":"armL"},{"z":3,"name":"handL","parent":"handL"},{"z":4,"name":"legL","parent":"legL"},{"z":5,"name":"body","parent":"body"},{"z":6,"name":"tail","parent":"tail"},{"z":7,"name":"clothes","parent":"clothes"},{"z":8,"name":"hair","parent":"hair"},{"z":9,"name":"head","parent":"head"},{"z":10,"name":"eyeL","parent":"eyeL"},{"z":11,"name":"eyeR","parent":"eyeR"},{"z":12,"name":"legR","parent":"legR"},{"z":13,"name":"armUpperR","parent":"armUpperR"},{"z":14,"name":"armR","parent":"armR"},{"z":15,"name":"handR","parent":"handR"},{"z":16,"name":"beardL","parent":"beardL"},{"z":17,"name":"beardR","parent":"beardR"}],"animation":[{"slot":[{"frame":[],"name":"tailTip"},{"frame":[{"tweenEasing":0,"duration":30,"color":{}},{"tweenEasing":null,"duration":0,"color":{}}],"name":"armUpperL"},{"frame":[],"name":"armL"},{"frame":[{"tweenEasing":0,"duration":30,"color":{}},{"tweenEasing":null,"duration":0,"color":{}}],"name":"handL"},{"frame":[{"tweenEasing":0,"duration":30,"color":{}},{"tweenEasing":null,"duration":0,"color":{}}],"name":"legL"},{"frame":[{"tweenEasing":0,"duration":8,"color":{}},{"tweenEasing":0,"duration":12,"color":{}},{"tweenEasing":0,"duration":8,"color":{}},{"tweenEasing":null,"duration":2,"color":{}},{"tweenEasing":null,"duration":0,"color":{}}],"name":"body"},{"frame":[],"name":"tail"},{"frame":[{"tweenEasing":0,"duration":12,"color":{}},{"tweenEasing":0,"duration":17,"color":{}},{"tweenEasing":null,"duration":1,"color":{}},{"tweenEasing":null,"duration":0,"color":{}}],"name":"clothes"},{"frame":[{"tweenEasing":0,"duration":12,"color":{}},{"tweenEasing":0,"duration":8,"color":{}},{"tweenEasing":0,"duration":8,"color":{}},{"tweenEasing":null,"duration":2,"color":{}},{"tweenEasing":null,"duration":0,"color":{}}],"name":"hair"},{"frame":[{"tweenEasing":0,"duration":30,"color":{}},{"tweenEasing":null,"duration":0,"color":{}}],"name":"head"},{"frame":[{"tweenEasing":0,"duration":8,"color":{}},{"tweenEasing":0,"duration":12,"color":{}},{"tweenEasing":0,"duration":8,"color":{}},{"tweenEasing":null,"duration":2,"color":{}},{"tweenEasing":null,"duration":0,"color":{}}],"name":"eyeL"},{"frame":[],"name":"eyeR"},{"frame":[{"tweenEasing":0,"duration":30,"color":{}},{"tweenEasing":null,"duration":0,"color":{}}],"name":"legR"},{"frame":[{"tweenEasing":0,"duration":30,"color":{}},{"tweenEasing":null,"duration":0,"color":{}}],"name":"armUpperR"},{"frame":[{"tweenEasing":0,"duration":30,"color":{}},{"tweenEasing":null,"duration":0,"color":{}}],"name":"armR"},{"frame":[{"tweenEasing":0,"duration":30,"color":{}},{"tweenEasing":null,"duration":0,"color":{}}],"name":"handR"},{"frame":[{"tweenEasing":0,"duration":7,"color":{}},{"tweenEasing":0,"duration":8,"color":{}},{"tweenEasing":0,"duration":12,"color":{}},{"tweenEasing":0,"duration":1,"color":{}},{"tweenEasing":null,"duration":2,"color":{}},{"tweenEasing":null,"duration":0,"color":{}}],"name":"beardL"},{"frame":[{"tweenEasing":0,"duration":7,"color":{}},{"tweenEasing":0,"duration":8,"color":{}},{"tweenEasing":0,"duration":12,"color":{}},{"tweenEasing":0,"duration":1,"color":{}},{"tweenEasing":null,"duration":2,"color":{}},{"tweenEasing":null,"duration":0,"color":{}}],"name":"beardR"}],"frame":[],"duration":30,"bone":[{"frame":[{"tweenEasing":null,"duration":30,"transform":{}},{"tweenEasing":null,"duration":0,"transform":{}}],"name":"root"},{"frame":[{"tweenEasing":0,"duration":30,"transform":{}},{"tweenEasing":null,"duration":0,"transform":{}}],"name":"body"},{"frame":[{"tweenEasing":0,"duration":30,"transform":{}},{"tweenEasing":null,"duration":0,"transform":{}}],"name":"legR"},{"frame":[{"tweenEasing":0,"duration":30,"transform":{}},{"tweenEasing":null,"duration":0,"transform":{}}],"name":"armUpperR"},{"frame":[{"tweenEasing":0,"duration":30,"transform":{}},{"tweenEasing":null,"duration":0,"transform":{}}],"name":"legL"},{"frame":[{"tweenEasing":0,"duration":30,"transform":{}},{"tweenEasing":null,"duration":0,"transform":{}}],"name":"head"},{"frame":[{"tweenEasing":0,"duration":30,"transform":{}},{"tweenEasing":null,"duration":0,"transform":{}}],"name":"armUpperL"},{"frame":[{"tweenEasing":0,"duration":8,"transform":{}},{"tweenEasing":0,"duration":22,"transform":{"x":-4,"skX":4.95,"skY":4.95}},{"tweenEasing":null,"duration":0,"transform":{}}],"name":"tail"},{"frame":[{"tweenEasing":0,"duration":12,"transform":{}},{"tweenEasing":0,"duration":18,"transform":{"y":-2,"x":-2}},{"tweenEasing":null,"duration":0,"transform":{}}],"name":"clothes"},{"frame":[{"tweenEasing":0,"duration":30,"transform":{}},{"tweenEasing":null,"duration":0,"transform":{}}],"name":"armL"},{"frame":[{"tweenEasing":0,"duration":8,"transform":{}},{"tweenEasing":0,"duration":22,"transform":{"y":-2}},{"tweenEasing":null,"duration":0,"transform":{}}],"name":"eyeR"},{"frame":[{"tweenEasing":0,"duration":8,"transform":{}},{"tweenEasing":0,"duration":22,"transform":{"y":-8.0574,"x":5.1348,"skX":-12.64,"skY":-12.64}},{"tweenEasing":null,"duration":0,"transform":{}}],"name":"tailTip"},{"frame":[{"tweenEasing":0,"duration":8,"transform":{}},{"tweenEasing":0,"duration":22,"transform":{"y":-2}},{"tweenEasing":null,"duration":0,"transform":{}}],"name":"eyeL"},{"frame":[{"tweenEasing":0,"duration":15,"transform":{"skX":9.6205,"skY":9.6205}},{"tweenEasing":0,"duration":15,"transform":{"skX":-1.4848,"skY":-1.4848}},{"tweenEasing":null,"duration":0,"transform":{"skX":9.6205,"skY":9.6205}}],"name":"beardL"},{"frame":[{"tweenEasing":0,"duration":30,"transform":{}},{"tweenEasing":null,"duration":0,"transform":{}}],"name":"armR"},{"frame":[{"tweenEasing":0,"duration":15,"transform":{}},{"tweenEasing":0,"duration":15,"transform":{"skX":5.44,"skY":5.44}},{"tweenEasing":null,"duration":0,"transform":{}}],"name":"beardR"},{"frame":[{"tweenEasing":0,"duration":12,"transform":{}},{"tweenEasing":0,"duration":18,"transform":{"y":-4,"x":2}},{"tweenEasing":null,"duration":0,"transform":{}}],"name":"hair"},{"frame":[{"tweenEasing":0,"duration":30,"transform":{}},{"tweenEasing":null,"duration":0,"transform":{}}],"name":"handR"},{"frame":[{"tweenEasing":0,"duration":30,"transform":{}},{"tweenEasing":null,"duration":0,"transform":{}}],"name":"handL"}],"playTimes":0,"name":"stand"},{"slot":[{"frame":[{"tweenEasing":0,"duration":10,"color":{}},{"tweenEasing":0,"duration":10,"color":{}},{"tweenEasing":null,"duration":0,"color":{}}],"name":"tailTip"},{"frame":[{"tweenEasing":0,"duration":10,"color":{}},{"tweenEasing":0,"duration":10,"color":{}},{"tweenEasing":null,"duration":0,"color":{}}],"name":"armUpperL"},{"frame":[{"tweenEasing":0,"duration":10,"color":{}},{"tweenEasing":0,"duration":10,"color":{}},{"tweenEasing":null,"duration":0,"color":{}}],"name":"armL"},{"frame":[{"tweenEasing":0,"duration":10,"color":{}},{"tweenEasing":0,"duration":10,"color":{}},{"tweenEasing":null,"duration":0,"color":{}}],"name":"handL"},{"frame":[{"tweenEasing":0,"duration":10,"color":{}},{"tweenEasing":0,"duration":10,"color":{}},{"tweenEasing":null,"duration":0,"color":{}}],"name":"legL"},{"frame":[{"tweenEasing":0,"duration":10,"color":{}},{"tweenEasing":0,"duration":10,"color":{}},{"tweenEasing":null,"duration":0,"color":{}}],"name":"body"},{"frame":[{"tweenEasing":0,"duration":10,"color":{}},{"tweenEasing":0,"duration":10,"color":{}},{"tweenEasing":null,"duration":0,"color":{}}],"name":"tail"},{"frame":[{"tweenEasing":0,"duration":5,"color":{}},{"tweenEasing":0,"duration":5,"color":{}},{"tweenEasing":0,"duration":5,"color":{}},{"tweenEasing":0,"duration":5,"color":{}},{"tweenEasing":null,"duration":0,"color":{}}],"name":"clothes"},{"frame":[{"tweenEasing":0,"duration":10,"color":{}},{"tweenEasing":0,"duration":10,"color":{}},{"tweenEasing":null,"duration":0,"color":{}}],"name":"hair"},{"frame":[{"tweenEasing":0,"duration":10,"color":{}},{"tweenEasing":0,"duration":10,"color":{}},{"tweenEasing":null,"duration":0,"color":{}}],"name":"head"},{"frame":[{"tweenEasing":0,"duration":10,"color":{}},{"tweenEasing":0,"duration":10,"color":{}},{"tweenEasing":null,"duration":0,"color":{}}],"name":"eyeL"},{"frame":[{"tweenEasing":0,"duration":10,"color":{}},{"tweenEasing":0,"duration":10,"color":{}},{"tweenEasing":null,"duration":0,"color":{}}],"name":"eyeR"},{"frame":[{"tweenEasing":0,"duration":10,"color":{}},{"tweenEasing":0,"duration":10,"color":{}},{"tweenEasing":null,"duration":0,"color":{}}],"name":"legR"},{"frame":[{"tweenEasing":0,"duration":10,"color":{}},{"tweenEasing":0,"duration":10,"color":{}},{"tweenEasing":null,"duration":0,"color":{}}],"name":"armUpperR"},{"frame":[{"tweenEasing":0,"duration":10,"color":{}},{"tweenEasing":0,"duration":10,"color":{}},{"tweenEasing":null,"duration":0,"color":{}}],"name":"armR"},{"frame":[{"tweenEasing":0,"duration":10,"color":{}},{"tweenEasing":0,"duration":10,"color":{}},{"tweenEasing":null,"duration":0,"color":{}}],"name":"handR"},{"frame":[{"tweenEasing":0,"duration":10,"color":{}},{"tweenEasing":0,"duration":10,"color":{}},{"tweenEasing":null,"duration":0,"color":{}}],"name":"beardL"},{"frame":[{"tweenEasing":0,"duration":10,"color":{}},{"tweenEasing":0,"duration":10,"color":{}},{"tweenEasing":null,"duration":0,"color":{}}],"name":"beardR"}],"frame":[],"duration":20,"bone":[{"frame":[{"tweenEasing":null,"duration":20,"transform":{}},{"tweenEasing":null,"duration":0,"transform":{}}],"name":"root"},{"frame":[{"tweenEasing":0,"duration":10,"transform":{"y":-4}},{"tweenEasing":0,"duration":10,"transform":{"y":-2}},{"tweenEasing":null,"duration":0,"transform":{"y":-4}}],"name":"body"},{"frame":[{"tweenEasing":0,"duration":10,"transform":{"y":-14,"x":-6,"skX":-30,"skY":-30}},{"tweenEasing":0,"duration":10,"transform":{"y":-2,"x":-3.9,"skX":30,"skY":30}},{"tweenEasing":null,"duration":0,"transform":{"y":-14,"x":-6,"skX":-30,"skY":-30}}],"name":"legR"},{"frame":[{"tweenEasing":0,"duration":10,"transform":{"y":14,"x":-6,"skX":45.5,"skY":45.5}},{"tweenEasing":0,"duration":10,"transform":{"y":2,"skX":-22.15,"skY":-22.15}},{"tweenEasing":null,"duration":0,"transform":{"y":14,"x":-6,"skX":45.5,"skY":45.5}}],"name":"armUpperR"},{"frame":[{"tweenEasing":0,"duration":10,"transform":{"y":28.4011,"x":-40.3442,"skX":49.67,"skY":49.67}},{"tweenEasing":0,"duration":10,"transform":{"y":-8.9278,"x":-22.5206,"skX":-19.23,"skY":-19.23}},{"tweenEasing":null,"duration":0,"transform":{"y":28.4011,"x":-40.3442,"skX":49.67,"skY":49.67}}],"name":"legL"},{"frame":[{"tweenEasing":0,"duration":10,"transform":{"y":4}},{"tweenEasing":0,"duration":10,"transform":{"y":2,"skX":2.95,"skY":2.95}},{"tweenEasing":null,"duration":0,"transform":{"y":4}}],"name":"head"},{"frame":[{"tweenEasing":0,"duration":10,"transform":{"y":4,"skX":-21.2,"skY":-21.2}},{"tweenEasing":0,"duration":10,"transform":{"y":2,"skX":30,"skY":30}},{"tweenEasing":null,"duration":0,"transform":{"y":4,"skX":-21.2,"skY":-21.2}}],"name":"armUpperL"},{"frame":[{"tweenEasing":0,"duration":10,"transform":{"x":-8}},{"tweenEasing":0,"duration":10,"transform":{"y":-6,"x":-12,"skX":-8.7,"skY":-8.7}},{"tweenEasing":null,"duration":0,"transform":{"x":-8}}],"name":"tail"},{"frame":[{"tweenEasing":0,"duration":5,"transform":{}},{"tweenEasing":0,"duration":5,"transform":{"y":-2,"x":-2}},{"tweenEasing":0,"duration":5,"transform":{}},{"tweenEasing":0,"duration":5,"transform":{"y":-2,"x":-2}},{"tweenEasing":null,"duration":0,"transform":{}}],"name":"clothes"},{"frame":[{"tweenEasing":0,"duration":10,"transform":{"y":-2.2012,"x":-13.0387,"skX":-38.8,"skY":-38.8}},{"tweenEasing":0,"duration":10,"transform":{"y":-5.8451,"x":3.9043,"skX":38.55,"skY":38.55}},{"tweenEasing":null,"duration":0,"transform":{"y":-2.2012,"x":-13.0387,"skX":-38.8,"skY":-38.8}}],"name":"armL"},{"frame":[{"tweenEasing":0,"duration":10,"transform":{"y":0.5,"x":1.7}},{"tweenEasing":0,"duration":10,"transform":{"y":-0.2773,"x":-4.1136,"skX":-2.95,"skY":-2.95}},{"tweenEasing":null,"duration":0,"transform":{"y":0.5,"x":1.7}}],"name":"eyeR"},{"frame":[{"tweenEasing":0,"duration":10,"transform":{"y":-0.5359,"x":8.9282}},{"tweenEasing":0,"duration":10,"transform":{"y":10.0761,"x":-2.9969,"skX":17.93,"skY":17.93}},{"tweenEasing":null,"duration":0,"transform":{"y":-0.5359,"x":8.9282}}],"name":"tailTip"},{"frame":[{"tweenEasing":0,"duration":10,"transform":{}},{"tweenEasing":0,"duration":10,"transform":{"y":4.1907,"x":-7.5499,"skX":-2.95,"skY":-2.95}},{"tweenEasing":null,"duration":0,"transform":{}}],"name":"eyeL"},{"frame":[{"tweenEasing":0,"duration":10,"transform":{}},{"tweenEasing":0,"duration":10,"transform":{"y":-5.5174,"x":-3.5187,"skX":6.04,"skY":6.04}},{"tweenEasing":null,"duration":0,"transform":{}}],"name":"beardL"},{"frame":[{"tweenEasing":0,"duration":5,"transform":{"y":9.9555,"x":-2.5742,"skX":21.72,"skY":21.72}},{"tweenEasing":0,"duration":5,"transform":{"y":4.9989,"x":-2.7325,"skX":31.7897,"skY":31.7897}},{"tweenEasing":0,"duration":5,"transform":{"y":0.0424,"x":-2.8907,"skX":-15.63,"skY":-15.63}},{"tweenEasing":0,"duration":5,"transform":{"y":-5.611,"x":-0.2247,"skX":-19.6672,"skY":-19.6672}},{"tweenEasing":null,"duration":0,"transform":{"y":9.9555,"x":-2.5742,"skX":21.72,"skY":21.72}}],"name":"armR"},{"frame":[{"tweenEasing":0,"duration":10,"transform":{}},{"tweenEasing":0,"duration":10,"transform":{"y":1.6594,"x":-1.4456,"skX":-10.45,"skY":-10.45}},{"tweenEasing":null,"duration":0,"transform":{}}],"name":"beardR"},{"frame":[{"tweenEasing":0,"duration":10,"transform":{}},{"tweenEasing":0,"duration":10,"transform":{"y":-7.1738,"x":1.1289,"skX":-2.95,"skY":-2.95}},{"tweenEasing":null,"duration":0,"transform":{}}],"name":"hair"},{"frame":[{"tweenEasing":0,"duration":10,"transform":{"y":2.0245,"x":-16.2659,"skX":-45.48,"skY":-45.48}},{"tweenEasing":0,"duration":10,"transform":{"y":2.1665,"x":1.4963,"skX":-0.48,"skY":-0.48}},{"tweenEasing":null,"duration":0,"transform":{"y":2.0245,"x":-16.2659,"skX":-45.48,"skY":-45.48}}],"name":"handR"},{"frame":[{"tweenEasing":0,"duration":10,"transform":{"y":0.9027,"x":-1.6657,"skX":15,"skY":15}},{"tweenEasing":0,"duration":10,"transform":{"y":3.3992,"x":-2.7762,"skX":6.45,"skY":6.45}},{"tweenEasing":null,"duration":0,"transform":{"y":0.9027,"x":-1.6657,"skX":15,"skY":15}}],"name":"handL"}],"playTimes":0,"name":"walk"},{"slot":[{"frame":[{"tweenEasing":0,"duration":2,"color":{}},{"tweenEasing":0,"duration":3,"color":{}},{"tweenEasing":null,"duration":0,"color":{}}],"name":"tailTip"},{"frame":[{"tweenEasing":0,"duration":2,"color":{}},{"tweenEasing":0,"duration":3,"color":{}},{"tweenEasing":null,"duration":0,"color":{}}],"name":"armUpperL"},{"frame":[{"tweenEasing":0,"duration":5,"color":{}},{"tweenEasing":null,"duration":0,"color":{}}],"name":"armL"},{"frame":[{"tweenEasing":0,"duration":5,"color":{}},{"tweenEasing":null,"duration":0,"color":{}}],"name":"handL"},{"frame":[{"tweenEasing":0,"duration":2,"color":{}},{"tweenEasing":0,"duration":3,"color":{}},{"tweenEasing":null,"duration":0,"color":{}}],"name":"legL"},{"frame":[{"tweenEasing":0,"duration":5,"color":{}},{"tweenEasing":null,"duration":0,"color":{}}],"name":"body"},{"frame":[{"tweenEasing":0,"duration":2,"color":{}},{"tweenEasing":0,"duration":3,"color":{}},{"tweenEasing":null,"duration":0,"color":{}}],"name":"tail"},{"frame":[{"tweenEasing":0,"duration":2,"color":{}},{"tweenEasing":0,"duration":3,"color":{}},{"tweenEasing":null,"duration":0,"color":{}}],"name":"clothes"},{"frame":[{"tweenEasing":0,"duration":2,"color":{}},{"tweenEasing":0,"duration":3,"color":{}},{"tweenEasing":null,"duration":0,"color":{}}],"name":"hair"},{"frame":[{"tweenEasing":0,"duration":5,"color":{}},{"tweenEasing":null,"duration":0,"color":{}}],"name":"head"},{"frame":[{"tweenEasing":0,"duration":2,"color":{}},{"tweenEasing":0,"duration":3,"color":{}},{"tweenEasing":null,"duration":0,"color":{}}],"name":"eyeL"},{"frame":[{"tweenEasing":0,"duration":2,"color":{}},{"tweenEasing":0,"duration":3,"color":{}},{"tweenEasing":null,"duration":0,"color":{}}],"name":"eyeR"},{"frame":[{"tweenEasing":0,"duration":2,"color":{}},{"tweenEasing":0,"duration":3,"color":{}},{"tweenEasing":null,"duration":0,"color":{}}],"name":"legR"},{"frame":[{"tweenEasing":0,"duration":2,"color":{}},{"tweenEasing":0,"duration":3,"color":{}},{"tweenEasing":null,"duration":0,"color":{}}],"name":"armUpperR"},{"frame":[{"tweenEasing":0,"duration":5,"color":{}},{"tweenEasing":null,"duration":0,"color":{}}],"name":"armR"},{"frame":[{"tweenEasing":0,"duration":5,"color":{}},{"tweenEasing":null,"duration":0,"color":{}}],"name":"handR"},{"frame":[{"tweenEasing":0,"duration":2,"color":{}},{"tweenEasing":0,"duration":3,"color":{}},{"tweenEasing":null,"duration":0,"color":{}}],"name":"beardL"},{"frame":[{"tweenEasing":0,"duration":2,"color":{}},{"tweenEasing":0,"duration":3,"color":{}},{"tweenEasing":null,"duration":0,"color":{}}],"name":"beardR"}],"frame":[],"duration":5,"bone":[{"frame":[{"tweenEasing":null,"duration":5,"transform":{}},{"tweenEasing":null,"duration":0,"transform":{}}],"name":"root"},{"frame":[{"tweenEasing":0,"duration":5,"transform":{"y":-66}},{"tweenEasing":null,"duration":0,"transform":{"y":-66}}],"name":"body"},{"frame":[{"tweenEasing":0,"duration":2,"transform":{"y":1.0328,"x":1.1757,"skX":-27.69,"skY":-27.69}},{"tweenEasing":0,"duration":3,"transform":{"y":0.6594,"x":-3.122,"skX":-27.69,"skY":-27.69}},{"tweenEasing":null,"duration":0,"transform":{"y":1.0328,"x":1.1757,"skX":-27.69,"skY":-27.69}}],"name":"legR"},{"frame":[{"tweenEasing":0,"duration":2,"transform":{"y":10,"skX":-24.65,"skY":-24.65}},{"tweenEasing":0,"duration":3,"transform":{"y":9.7511,"x":-2.8651,"skX":-23.1904,"skY":-23.1904}},{"tweenEasing":null,"duration":0,"transform":{"y":10,"skX":-24.65,"skY":-24.65}}],"name":"armUpperR"},{"frame":[{"tweenEasing":0,"duration":2,"transform":{"y":38.2873,"x":-20.6204,"skX":-15.2954,"skY":-15.2954}},{"tweenEasing":0,"duration":3,"transform":{"y":37.7894,"x":-26.3507,"skX":-15.2954,"skY":-15.2954}},{"tweenEasing":null,"duration":0,"transform":{"y":38.2873,"x":-20.6204,"skX":-15.2954,"skY":-15.2954}}],"name":"legL"},{"frame":[{"tweenEasing":0,"duration":5,"transform":{"y":1.9,"x":3.6,"skX":10,"skY":10}},{"tweenEasing":null,"duration":0,"transform":{"y":1.9,"x":3.6,"skX":10,"skY":10}}],"name":"head"},{"frame":[{"tweenEasing":0,"duration":2,"transform":{"y":4,"skX":15,"skY":15}},{"tweenEasing":0,"duration":3,"transform":{"y":3.6266,"x":-4.2977,"skX":15,"skY":15}},{"tweenEasing":null,"duration":0,"transform":{"y":4,"skX":15,"skY":15}}],"name":"armUpperL"},{"frame":[{"tweenEasing":0,"duration":2,"transform":{"y":-10,"x":-24,"skX":9.3457,"skY":9.3457}},{"tweenEasing":0,"duration":3,"transform":{"y":-10,"x":-24,"skX":13.7283,"skY":13.7283}},{"tweenEasing":null,"duration":0,"transform":{"y":-10,"x":-24,"skX":9.3457,"skY":9.3457}}],"name":"tail"},{"frame":[{"tweenEasing":0,"duration":2,"transform":{"y":-4.5108,"x":-4.7682}},{"tweenEasing":0,"duration":3,"transform":{"y":-4.8842,"x":-9.0659}},{"tweenEasing":null,"duration":0,"transform":{"y":-4.5108,"x":-4.7682}}],"name":"clothes"},{"frame":[{"tweenEasing":0,"duration":5,"transform":{"y":2.5528,"x":-0.5979,"skX":8.55,"skY":8.55}},{"tweenEasing":null,"duration":0,"transform":{"y":2.5528,"x":-0.5979,"skX":8.55,"skY":8.55}}],"name":"armL"},{"frame":[{"tweenEasing":0,"duration":2,"transform":{"y":-8.7028,"x":8.8815,"skX":-10,"skY":-10}},{"tweenEasing":0,"duration":3,"transform":{"y":-9.0585,"x":8.1208,"skX":-10,"skY":-10}},{"tweenEasing":null,"duration":0,"transform":{"y":-7.7261,"x":9.013,"skX":-10,"skY":-10}}],"name":"eyeR"},{"frame":[{"tweenEasing":0,"duration":2,"transform":{"y":6.3001,"x":2.1698,"skX":2.89,"skY":2.89}},{"tweenEasing":0,"duration":3,"transform":{"y":-0.896,"x":0.6375,"skX":8.91,"skY":8.91}},{"tweenEasing":null,"duration":0,"transform":{"y":6.3001,"x":2.1698,"skX":2.89,"skY":2.89}}],"name":"tailTip"},{"frame":[{"tweenEasing":0,"duration":2,"transform":{"y":-6.3014,"x":8.9391,"skX":-10,"skY":-10}},{"tweenEasing":0,"duration":3,"transform":{"y":-9.0585,"x":8.1208,"skX":-10,"skY":-10}},{"tweenEasing":null,"duration":0,"transform":{"y":-6.3014,"x":8.9391,"skX":-10,"skY":-10}}],"name":"eyeL"},{"frame":[{"tweenEasing":0,"duration":2,"transform":{"y":19.2267,"x":-19.7777,"skX":-50.29,"skY":-50.29}},{"tweenEasing":0,"duration":3,"transform":{"y":19.2267,"x":-19.7777,"skX":-58.5649,"skY":-58.5649}},{"tweenEasing":null,"duration":0,"transform":{"y":19.2267,"x":-19.7777,"skX":-50.29,"skY":-50.29}}],"name":"beardL"},{"frame":[{"tweenEasing":0,"duration":5,"transform":{"y":1.1591,"x":-8.0809,"skX":-13.13,"skY":-13.13}},{"tweenEasing":null,"duration":0,"transform":{"y":1.1591,"x":-8.0809,"skX":-13.13,"skY":-13.13}}],"name":"armR"},{"frame":[{"tweenEasing":0,"duration":2,"transform":{"y":6.7484,"x":-8.1489,"skX":42.5,"skY":42.5}},{"tweenEasing":0,"duration":3,"transform":{"y":6.8295,"x":-8.0331,"skX":50.23,"skY":50.23}},{"tweenEasing":null,"duration":0,"transform":{"y":6.7484,"x":-8.1489,"skX":42.5,"skY":42.5}}],"name":"beardR"},{"frame":[{"tweenEasing":0,"duration":2,"transform":{"y":-6.0436,"x":-0.8181,"skX":-10,"skY":-10}},{"tweenEasing":0,"duration":3,"transform":{"y":-2.7989,"x":3.8157,"skX":-10,"skY":-10}},{"tweenEasing":null,"duration":0,"transform":{"y":-6.0436,"x":-0.8181,"skX":-10,"skY":-10}}],"name":"hair"},{"frame":[{"tweenEasing":0,"duration":5,"transform":{"y":2.1665,"x":1.4963,"skX":-0.48,"skY":-0.48}},{"tweenEasing":null,"duration":0,"transform":{"y":2.1665,"x":1.4963,"skX":-0.48,"skY":-0.48}}],"name":"handR"},{"frame":[{"tweenEasing":0,"duration":5,"transform":{"y":-3.8513,"x":-14.1093,"skX":-8.55,"skY":-8.55}},{"tweenEasing":null,"duration":0,"transform":{"y":-3.8513,"x":-14.1093,"skX":-8.55,"skY":-8.55}}],"name":"handL"}],"playTimes":0,"name":"jump"},{"slot":[{"frame":[{"tweenEasing":0,"duration":2,"color":{}},{"tweenEasing":0,"duration":3,"color":{}},{"tweenEasing":null,"duration":0,"color":{}}],"name":"tailTip"},{"frame":[{"tweenEasing":0,"duration":2,"color":{}},{"tweenEasing":0,"duration":3,"color":{}},{"tweenEasing":null,"duration":0,"color":{}}],"name":"armUpperL"},{"frame":[{"tweenEasing":0,"duration":5,"color":{}},{"tweenEasing":null,"duration":0,"color":{}}],"name":"armL"},{"frame":[{"tweenEasing":0,"duration":5,"color":{}},{"tweenEasing":null,"duration":0,"color":{}}],"name":"handL"},{"frame":[{"tweenEasing":0,"duration":2,"color":{}},{"tweenEasing":0,"duration":3,"color":{}},{"tweenEasing":null,"duration":0,"color":{}}],"name":"legL"},{"frame":[{"tweenEasing":0,"duration":5,"color":{}},{"tweenEasing":null,"duration":0,"color":{}}],"name":"body"},{"frame":[{"tweenEasing":0,"duration":2,"color":{}},{"tweenEasing":0,"duration":3,"color":{}},{"tweenEasing":null,"duration":0,"color":{}}],"name":"tail"},{"frame":[{"tweenEasing":0,"duration":2,"color":{}},{"tweenEasing":0,"duration":3,"color":{}},{"tweenEasing":null,"duration":0,"color":{}}],"name":"clothes"},{"frame":[{"tweenEasing":0,"duration":2,"color":{}},{"tweenEasing":0,"duration":3,"color":{}},{"tweenEasing":null,"duration":0,"color":{}}],"name":"hair"},{"frame":[{"tweenEasing":0,"duration":5,"color":{}},{"tweenEasing":null,"duration":0,"color":{}}],"name":"head"},{"frame":[{"tweenEasing":0,"duration":2,"color":{}},{"tweenEasing":0,"duration":3,"color":{}},{"tweenEasing":null,"duration":0,"color":{}}],"name":"eyeL"},{"frame":[{"tweenEasing":0,"duration":2,"color":{}},{"tweenEasing":0,"duration":3,"color":{}},{"tweenEasing":null,"duration":0,"color":{}}],"name":"eyeR"},{"frame":[{"tweenEasing":0,"duration":2,"color":{}},{"tweenEasing":0,"duration":3,"color":{}},{"tweenEasing":null,"duration":0,"color":{}}],"name":"legR"},{"frame":[{"tweenEasing":0,"duration":2,"color":{}},{"tweenEasing":0,"duration":3,"color":{}},{"tweenEasing":null,"duration":0,"color":{}}],"name":"armUpperR"},{"frame":[{"tweenEasing":0,"duration":5,"color":{}},{"tweenEasing":null,"duration":0,"color":{}}],"name":"armR"},{"frame":[{"tweenEasing":0,"duration":5,"color":{}},{"tweenEasing":null,"duration":0,"color":{}}],"name":"handR"},{"frame":[{"tweenEasing":0,"duration":2,"color":{}},{"tweenEasing":0,"duration":3,"color":{}},{"tweenEasing":null,"duration":0,"color":{}}],"name":"beardL"},{"frame":[{"tweenEasing":0,"duration":2,"color":{}},{"tweenEasing":0,"duration":3,"color":{}},{"tweenEasing":null,"duration":0,"color":{}}],"name":"beardR"}],"frame":[],"duration":5,"bone":[{"frame":[{"tweenEasing":null,"duration":5,"transform":{}},{"tweenEasing":null,"duration":0,"transform":{}}],"name":"root"},{"frame":[{"tweenEasing":0,"duration":5,"transform":{"y":-66}},{"tweenEasing":null,"duration":0,"transform":{"y":-66}}],"name":"body"},{"frame":[{"tweenEasing":0,"duration":2,"transform":{"y":8.9644,"x":6.1797,"skX":27.76,"skY":27.76}},{"tweenEasing":0,"duration":3,"transform":{"y":8.576,"x":1.7095,"skX":27.76,"skY":27.76}},{"tweenEasing":null,"duration":0,"transform":{"y":8.9644,"x":6.1797,"skX":27.76,"skY":27.76}}],"name":"legR"},{"frame":[{"tweenEasing":0,"duration":2,"transform":{"y":10,"skX":-69.64,"skY":-69.64}},{"tweenEasing":0,"duration":3,"transform":{"y":9.8705,"x":-1.49,"skX":-66.683,"skY":-66.683}},{"tweenEasing":null,"duration":0,"transform":{"y":10,"skX":-69.64,"skY":-69.64}}],"name":"armUpperR"},{"frame":[{"tweenEasing":0,"duration":2,"transform":{"y":7.9,"x":22.6,"skX":50.73,"skY":50.73}},{"tweenEasing":0,"duration":3,"transform":{"y":7.6411,"x":19.6199,"skX":50.73,"skY":50.73}},{"tweenEasing":null,"duration":0,"transform":{"y":7.9,"x":22.6,"skX":50.73,"skY":50.73}}],"name":"legL"},{"frame":[{"tweenEasing":0,"duration":5,"transform":{"y":-3.4,"x":11,"skX":-8.73,"skY":-8.73}},{"tweenEasing":null,"duration":0,"transform":{"y":-3.4,"x":11,"skX":-8.73,"skY":-8.73}}],"name":"head"},{"frame":[{"tweenEasing":0,"duration":2,"transform":{"y":4,"skX":92.45,"skY":92.45}},{"tweenEasing":0,"duration":3,"transform":{"y":4.2589,"x":2.9801,"skX":89.9735,"skY":89.9735}},{"tweenEasing":null,"duration":0,"transform":{"y":4,"skX":92.45,"skY":92.45}}],"name":"armUpperL"},{"frame":[{"tweenEasing":0,"duration":2,"transform":{"y":-6.1,"x":-3.9,"skX":-18.47,"skY":-18.47}},{"tweenEasing":0,"duration":3,"transform":{"y":-6.1,"x":-3.9,"skX":-22.44,"skY":-22.44}},{"tweenEasing":null,"duration":0,"transform":{"y":-6.1,"x":-3.9,"skX":-18.47,"skY":-18.47}}],"name":"tail"},{"frame":[{"tweenEasing":0,"duration":2,"transform":{"y":-4.8621,"x":-6.0066}},{"tweenEasing":0,"duration":3,"transform":{"y":-4.4737,"x":-1.5365}},{"tweenEasing":null,"duration":0,"transform":{"y":-4.8621,"x":-6.0066}}],"name":"clothes"},{"frame":[{"tweenEasing":0,"duration":5,"transform":{"y":5.8138,"x":4.3491,"skX":-53.9,"skY":-53.9}},{"tweenEasing":null,"duration":0,"transform":{"y":5.8138,"x":4.3491,"skX":-53.9,"skY":-53.9}}],"name":"armL"},{"frame":[{"tweenEasing":0,"duration":2,"transform":{"y":-4.6145,"x":-17.7606,"skX":8.73,"skY":8.73}},{"tweenEasing":0,"duration":3,"transform":{"y":-3.0052,"x":-14.8289,"skX":8.73,"skY":8.73}},{"tweenEasing":null,"duration":0,"transform":{"y":-4.6145,"x":-17.7606,"skX":8.73,"skY":8.73}}],"name":"eyeR"},{"frame":[{"tweenEasing":0,"duration":2,"transform":{"y":-1.156,"x":2.7983,"skX":0.14,"skY":0.14}},{"tweenEasing":0,"duration":3,"transform":{"y":1.7886,"x":1.817,"skX":-0.83,"skY":-0.83}},{"tweenEasing":null,"duration":0,"transform":{"y":-1.156,"x":2.7983,"skX":0.14,"skY":0.14}}],"name":"tailTip"},{"frame":[{"tweenEasing":0,"duration":2,"transform":{"y":-8.1532,"x":-13.0014,"skX":8.73,"skY":8.73}},{"tweenEasing":0,"duration":3,"transform":{"y":-5.9369,"x":-13.2195,"skX":8.73,"skY":8.73}},{"tweenEasing":null,"duration":0,"transform":{"y":-8.1532,"x":-13.0014,"skX":8.73,"skY":8.73}}],"name":"eyeL"},{"frame":[{"tweenEasing":0,"duration":2,"transform":{"y":7.7817,"x":0.3247,"skX":-2.54,"skY":-2.54}},{"tweenEasing":0,"duration":3,"transform":{"y":7.7817,"x":0.3247,"skX":25.1339,"skY":25.1339}},{"tweenEasing":null,"duration":0,"transform":{"y":7.7817,"x":0.3247,"skX":-2.54,"skY":-2.54}}],"name":"beardL"},{"frame":[{"tweenEasing":0,"duration":5,"transform":{"y":-3.1965,"x":-11.2069,"skX":-13.14,"skY":-13.14}},{"tweenEasing":null,"duration":0,"transform":{"y":-3.1965,"x":-11.2069,"skX":-13.14,"skY":-13.14}}],"name":"armR"},{"frame":[{"tweenEasing":0,"duration":2,"transform":{"y":5.251,"x":-7.8667,"skX":8.96,"skY":8.96}},{"tweenEasing":0,"duration":3,"transform":{"y":5.251,"x":-7.8667,"skX":-6.04,"skY":-6.04}},{"tweenEasing":null,"duration":0,"transform":{"y":5.251,"x":-7.8667,"skX":8.96,"skY":8.96}}],"name":"beardR"},{"frame":[{"tweenEasing":0,"duration":2,"transform":{"y":7.2382,"x":0.5909,"skX":-6.27,"skY":-6.27}},{"tweenEasing":0,"duration":3,"transform":{"y":0.2075,"x":-6.3221,"skX":-7.09,"skY":-7.09}},{"tweenEasing":null,"duration":0,"transform":{"y":7.2382,"x":0.5909,"skX":-6.27,"skY":-6.27}}],"name":"hair"},{"frame":[{"tweenEasing":0,"duration":5,"transform":{"y":-1.3692,"x":-3.9387,"skX":29.52,"skY":29.52}},{"tweenEasing":null,"duration":0,"transform":{"y":-1.3692,"x":-3.9387,"skX":29.52,"skY":29.52}}],"name":"handR"},{"frame":[{"tweenEasing":0,"duration":5,"transform":{"y":1.4681,"x":-3.5985,"skX":21.45,"skY":21.45}},{"tweenEasing":null,"duration":0,"transform":{"y":1.4681,"x":-3.5985,"skX":21.45,"skY":21.45}}],"name":"handL"}],"playTimes":0,"name":"fall"}],"bone":[{"name":"root","transform":{}},{"transform":{"y":50.5419,"x":26.0941,"skX":-94.9653,"skY":-94.9653},"length":150,"name":"body","parent":"root"},{"transform":{"y":46.9,"x":-95.6182,"skX":-156.0107,"skY":-156.0107},"length":120,"name":"legR","parent":"body"},{"transform":{"y":31.3927,"x":80.5853,"skX":159.9921,"skY":159.9921},"length":150,"name":"armUpperR","parent":"body"},{"transform":{"y":-60.2758,"x":-71.0496,"skX":-154.3312,"skY":-154.3312},"length":150,"name":"legL","parent":"body"},{"transform":{"y":-5.8037,"x":163.1145,"skX":11.4957,"skY":11.4957},"length":150,"name":"head","parent":"body"},{"transform":{"y":-93.6047,"x":74.4813,"skX":-171.7742,"skY":-171.7742},"length":70,"name":"armUpperL","parent":"body"},{"transform":{"y":70.127,"x":-117.1092,"skX":79.7425,"skY":79.7425},"length":250,"name":"tail","parent":"body"},{"transform":{"y":-31.7416,"x":1.423,"skX":-37.5342,"skY":-37.5342},"length":80,"name":"clothes","parent":"body"},{"transform":{"y":2.2256,"x":66.7632,"skX":30.7088,"skY":30.7088},"length":60,"name":"armL","parent":"armUpperL"},{"transform":{"y":-23.9957,"x":140.2628,"skX":80.4531,"skY":80.4531},"name":"eyeR","parent":"head"},{"transform":{"y":-3.1008,"x":257.8621,"skX":-37.5192,"skY":-37.5192},"length":150,"name":"tailTip","parent":"tail"},{"transform":{"y":-101.188,"x":133.7701,"skX":80.4531,"skY":80.4531},"name":"eyeL","parent":"head"},{"transform":{"y":-133.6248,"x":7.4588,"skX":-105.5036,"skY":-105.5036},"length":80,"name":"beardL","parent":"head"},{"transform":{"y":0.5285,"x":138.7492,"skX":35.2088,"skY":35.2088},"length":50,"name":"armR","parent":"armUpperR"},{"transform":{"y":-35.857,"x":23.2753,"skX":80.4531,"skY":80.4531},"length":80,"name":"beardR","parent":"head"},{"transform":{"y":80.6309,"x":104.8249,"skX":86.9099,"skY":86.9099},"length":50,"name":"hair","parent":"head"},{"transform":{"y":1.1079,"x":43.3874,"skX":17.875,"skY":17.875},"length":40,"name":"handR","parent":"armR"},{"transform":{"y":-0.4273,"x":66.6309,"skX":4.4133,"skY":4.4133},"length":80,"name":"handL","parent":"armL"}],"name":"Dragon","skin":[{"name":"","slot":[{"display":[{"type":"image","name":"parts/beardR","transform":{"y":0.2,"x":61.6}}],"name":"beardR"},{"display":[{"type":"image","name":"parts/armUpperR","transform":{"y":4.7392,"x":56.5203,"skX":13.9232,"skY":13.9232}}],"name":"armUpperR"},{"display":[{"type":"image","name":"parts/legR","transform":{"y":-6.0098,"x":82.5819,"skX":-94.0239,"skY":-94.0239}}],"name":"legR"},{"display":[{"type":"image","name":"parts/beardL","transform":{"y":-4.3543,"x":49.9847,"skX":-174.0434,"skY":-174.0434}}],"name":"beardL"},{"display":[{"type":"image","name":"parts/head","transform":{"y":-10.5387,"x":122.955,"skX":80.4531,"skY":80.4531}}],"name":"head"},{"display":[{"type":"image","name":"parts/handL","transform":{"y":-1.4511,"x":34.7325,"skX":146.6156,"skY":146.6156}}],"name":"handL"},{"display":[{"type":"image","name":"parts/armL","transform":{"y":-2.8771,"x":26.6948,"skX":98.2989,"skY":98.2989}}],"name":"armL"},{"display":[{"type":"image","name":"parts/tail","transform":{"y":-0.3072,"x":120.9881,"skX":45.2229,"skY":45.2229}}],"name":"tail"},{"display":[{"type":"image","name":"parts/tailTip","transform":{"y":-0.8219,"x":81.6504,"skX":82.7421,"skY":82.7421}}],"name":"tailTip"},{"display":[{"type":"image","name":"parts/handR","transform":{"y":5.0626,"x":23.0456,"skX":-88.1106,"skY":-88.1106}}],"name":"handR"},{"display":[{"type":"image","name":"parts/armUpperL","transform":{"y":4.3217,"x":27.8984,"skX":-148.2623,"skY":-148.2623}}],"name":"armUpperL"},{"display":[{"type":"image","name":"parts/eyeR","transform":{"y":-0.5,"x":1.5}}],"name":"eyeR"},{"display":[{"type":"image","name":"parts/hair","transform":{"y":0.3975,"x":0.045,"skX":-4.9086,"skY":-4.9086}}],"name":"hair"},{"display":[{"type":"image","name":"parts/legL","transform":{"y":-6.446,"x":101.115,"skX":-146.9135,"skY":-146.9135}}],"name":"legL"},{"display":[{"type":"image","name":"parts/body","transform":{"y":0.6195,"x":-0.9572,"skX":94.9653,"skY":94.9653}}],"name":"body"},{"display":[{"type":"image","name":"parts/clothes1","transform":{"y":16.0499,"x":32.3981,"skX":132.4995,"skY":132.4995}}],"name":"clothes"},{"display":[{"type":"image","name":"parts/armR","transform":{"y":2.7905,"x":14.2173,"skX":-85.2356,"skY":-85.2356}}],"name":"armR"},{"display":[{"type":"image","name":"parts/eyeL","transform":{"y":0.4,"x":0.3}}],"name":"eyeL"}]}]}]}