{"SubTexture":[{"frameX":0,"y":286,"frameY":0,"frameWidth":112,"width":111,"frameHeight":210,"height":209,"name":"parts/tailTip","x":578},{"width":28,"y":458,"height":46,"name":"parts/eyeL","x":298},{"frameX":0,"y":535,"frameY":0,"frameWidth":46,"width":45,"frameHeight":78,"height":77,"name":"parts/armR","x":659},{"frameX":0,"y":588,"frameY":0,"frameWidth":120,"width":119,"frameHeight":36,"height":36,"name":"parts/beardL","x":184},{"frameX":0,"y":631,"frameY":0,"frameWidth":204,"width":203,"frameHeight":180,"height":180,"name":"parts/legL","x":164},{"width":96,"y":486,"height":78,"name":"parts/handL","x":184},{"width":124,"y":2,"height":282,"name":"parts/hair","x":578},{"frameX":0,"y":2,"frameY":0,"frameWidth":338,"width":337,"frameHeight":394,"height":394,"name":"parts/head","x":2},{"width":136,"y":497,"height":36,"name":"parts/beardR","x":559},{"width":216,"y":351,"height":278,"name":"parts/tail","x":341},{"width":98,"y":535,"height":58,"name":"parts/handR","x":559},{"frameX":0,"y":398,"frameY":0,"frameWidth":38,"width":37,"frameHeight":58,"height":58,"name":"parts/eyeR","x":298},{"frameX":0,"y":398,"frameY":0,"frameWidth":180,"width":180,"frameHeight":232,"height":231,"name":"parts/legR","x":2},{"width":48,"y":506,"height":80,"name":"parts/armL","x":282},{"width":112,"y":398,"height":86,"name":"parts/armUpperL","x":184},{"frameX":0,"y":2,"frameY":0,"frameWidth":236,"width":235,"frameHeight":348,"height":347,"name":"parts/body","x":341},{"width":160,"y":631,"height":94,"name":"parts/armUpperR","x":2},{"width":208,"y":631,"height":174,"name":"parts/clothes1","x":369}],"name":"Dragon","imagePath":"texture.png"}